[{"@type":"mappingTemplate","id":"@1","name":"Mapping_RESTV2","description":"","bundleVersion":"0","assetFrsGuid":"2g9MVYZiVa6kY3PgCDuRMm","templateId":"@3","hasParameters":false,"valid":true,"fixedConnection":true,"hasParametersDeployed":false,"fixedConnectionDeployed":false,"isSchemaValidationEnabled":false,"tasks":0,"mappingPreviewFileRecordId":"@2","documentType":"MAPPING","references":[{"@type":"reference","refObjectId":"@4au20ZYvnQdlWWhcj4Pc6d","refType":"connection"},{"@type":"reference","refObjectId":"@h8fioiVUgO2eooGasmLuiR","refType":"connection"}]}]